time;average;sd;sd2
1;1.793077684;0.832460747;-0.264545849
2;5.266727933;5.782414474;2.531672023
5;966.4246688;496.726297;8.956307316
